Ref,Val,Package,PosX,PosY,Rot,Side
"BUS1","BUSPC","BUS_PC",5.175000,-5.450000,0.000000,top
"C1","47uF","CP_Axial_L10.0mm_D4.5mm_P15.00mm_Horizontal",3.275000,-3.300000,0.000000,top
"C2","47pF","C_Disc_D3.0mm_W2.0mm_P2.50mm",4.775787,-3.600000,0.000000,top
"C3","47pF","C_Disc_D3.0mm_W2.0mm_P2.50mm",4.775787,-3.900000,0.000000,top
"C4","47uF","CP_Axial_L10.0mm_D4.5mm_P15.00mm_Horizontal",6.720000,-2.055000,180.000000,top
"C5","47uF","CP_Axial_L10.0mm_D4.5mm_P15.00mm_Horizontal",3.425000,-4.450000,-90.000000,top
"C6","47uF","CP_Axial_L10.0mm_D4.5mm_P15.00mm_Horizontal",6.275000,-4.400000,0.000000,top
"D1","LED","LED_D5.0mm",6.125197,-1.498425,0.000000,top
"D2","LED","LED_D5.0mm",6.524016,-1.499213,0.000000,top
"JP1","CONN_8X2","PinHeader_2x08_P2.54mm_Vertical",4.575000,-4.150000,-90.000000,top
"P1","DB25FEMELLE","DSUB-25_Female_Horizontal_P2.77x2.84mm_EdgePinOffset9.90mm_Housed_MountingHolesOffset11.32mm",7.169291,-2.850394,90.000000,top
"R1","100K","R_Axial_DIN0207_L6.3mm_D2.5mm_P7.62mm_Horizontal",4.625000,-3.900000,90.000000,top
"R2","1K","R_Axial_DIN0207_L6.3mm_D2.5mm_P7.62mm_Horizontal",5.025000,-3.600000,-90.000000,top
"R3","10K","R_Axial_DIN0207_L6.3mm_D2.5mm_P7.62mm_Horizontal",3.625000,-2.250000,180.000000,top
"R4","330","R_Axial_DIN0207_L6.3mm_D2.5mm_P7.62mm_Horizontal",5.975000,-1.650000,180.000000,top
"R5","330","R_Axial_DIN0207_L6.3mm_D2.5mm_P7.62mm_Horizontal",6.770000,-1.655000,0.000000,top
"RR1","9x1K","R_Array_SIP10",3.775000,-4.450000,0.000000,top
"U1","74LS245","DIP-20_W7.62mm",5.975000,-4.900000,90.000000,top
"U2","74LS688","DIP-20_W7.62mm",3.775000,-4.900000,90.000000,top
"U3","74LS541","DIP-20_W7.62mm",4.875000,-4.900000,90.000000,top
"U5","628128","DIP-32_W15.24mm",3.425000,-3.000000,90.000000,top
"U8","EP600","DIP-24_W7.62mm",4.875000,-4.445000,90.000000,top
"U9","4003APG120","PGA120",6.225000,-3.250000,180.000000,top
"X1","8MHz","Crystal_HC18-U_Horizontal",4.475000,-3.650000,-90.000000,top
